TIME	EVENT	NODES
1.939013068358309	LT	n11;25_12;n11;25_14;n10;25_15
1.9736300288910118	P	43_16
1.9736300288910118	P	45_12
