TIME	EVENT	NODES
2.713388587927495	L	10_26
2.7762403716030954	L	85_28
2.7762403716030954	AT	n15;85_18;n15;85_32;n21;85_33
