TIME	EVENT	NODES
1.9144097913312528	L	2_13
1.9144097913312528	AT	n1;2_10;n1;2_16;n8;2_17
