TIME	EVENT	NODES
0.8758328640210107	LT	n3;15_4;n3;15_6;n1;15_7
0.8914247860340879	L	53_4
0.8914247860340879	AT	n4;53_5;n4;53_6;n3;53_7
