TIME	EVENT	NODES
1.882327234226587	L	89_22
1.882327234226587	AT	n1;89_4;n1;89_24;n7;89_25
1.886252990154761	D	48_16;48_18;48_19
