TIME	EVENT	NODES
1.9146769159643486	O	n10
2.345700715988459	T	n10;1;n10;2;n12;3
3.146229668452691	F	n10;2
3.146229668452691	F	n12;3
