TIME	EVENT	NODES
2.197945398710629	O	n12
3.146229668452691	F	n12;1
