TIME	EVENT	NODES
2.441126643400596	O	n14
2.502910948502324	S	n14;1;n19;2;n20;3
3.146229668452691	F	n20;3
3.146229668452691	F	n19;2
