TIME	EVENT	NODES
2.5839624679009456	O	n20
3.146229668452691	F	n20;1
