TIME	EVENT	NODES
2.7562658631915826	O	n17
3.146229668452691	F	n17;1
