TIME	EVENT	NODES
2.93371019792851	O	n12
3.146229668452691	F	n12;1
