TIME	EVENT	NODES
2.9773498111565844	O	n18
3.0250122621232984	S	n18;1;n35;2;n36;3
3.146229668452691	F	n35;2
3.146229668452691	F	n36;3
