TIME	EVENT	NODES
3.0874232544495723	O	n36
3.146229668452691	F	n36;1
