TIME	EVENT	NODES
3.125424337663991	O	n29
3.146229668452691	F	n29;1
