TIME	EVENT	NODES
3.139876767710836	O	n12
3.146229668452691	F	n12;1
