TIME	EVENT	NODES
3.140204049362267	O	n26
3.146229668452691	F	n26;1
