TIME	EVENT	NODES
1.9120698010670245	O	n10
2.4010893268040125	T	n10;1;n10;2;n16;3
3.146229668452691	F	n16;3
3.146229668452691	F	n10;2
