TIME	EVENT	NODES
1.9632881662140311	O	n4
2.7738261554119075	S	n4;1;n23;2;n24;3
3.146229668452691	F	n24;3
3.146229668452691	F	n23;2
