TIME	EVENT	NODES
2.58982158880941	O	n10
3.146229668452691	F	n10;1
