TIME	EVENT	NODES
2.7639031318794727	O	n4
2.7738261554119075	S	n4;1;n23;2;n24;3
3.146229668452691	F	n24;3
3.146229668452691	F	n23;2
