TIME	EVENT	NODES
2.799343632128471	O	n12
3.146229668452691	F	n12;1
