TIME	EVENT	NODES
2.8068130960831694	O	n10
3.146229668452691	F	n10;1
