TIME	EVENT	NODES
2.8187277104614825	O	n22
2.9102591985123394	S	n22;1;n29;2;n30;3
3.146229668452691	F	n30;3
3.146229668452691	F	n29;2
