TIME	EVENT	NODES
3.0414086905156315	O	n35
3.146229668452691	F	n35;1
