TIME	EVENT	NODES
3.044716028686843	O	n32
3.0645693707283965	S	n32;1;n37;2;n38;3
3.146229668452691	F	n37;2
3.146229668452691	F	n38;3
