TIME	EVENT	NODES
3.0456226804171203	O	n26
3.146229668452691	F	n26;1
