TIME	EVENT	NODES
3.0827428627114952	O	n10
3.146229668452691	F	n10;1
